Var1,time_t_,ex_signal_u_,system_response_y_
0,0,0,0
1,0.0505050505050505,0,0
2,0.101010101010101,0,0
3,0.151515151515152,0,0
4,0.202020202020202,0,0
5,0.252525252525253,1.5,0.0611097069979367
6,0.303030303030303,1.5,0.0218024700721375
7,0.353535353535354,1.5,0.00826092352520608
8,0.404040404040404,1.5,0.0512177617515123
9,0.454545454545455,1.5,0.110511702184433
10,0.505050505050505,1.5,0.18444428985213
11,0.555555555555556,1.5,0.233857989758877
12,0.606060606060606,1.5,0.287554698405408
13,0.656565656565657,1.5,0.334004788071988
14,0.707070707070707,1.5,0.377769309471909
15,0.757575757575758,1.5,0.405307460376725
16,0.808080808080808,1.5,0.483201144557828
17,0.858585858585859,1.5,0.513423424653431
18,0.909090909090909,1.5,0.583337110852224
19,0.95959595959596,1.5,0.618219563029815
20,1.01010101010101,1.5,0.657108808074887
21,1.06060606060606,1.5,0.665775177558627
22,1.11111111111111,1.5,0.7102399423808
23,1.16161616161616,1.5,0.71397192166566
24,1.21212121212121,1.5,0.78597268226149
25,1.26262626262626,1.5,0.803727499305826
26,1.31313131313131,1.5,0.839722809195238
27,1.36363636363636,1.5,0.874990981375981
28,1.41414141414141,1.5,0.880040931768224
29,1.46464646464646,1.5,0.877960218234345
30,1.51515151515152,1.5,0.877662467113191
31,1.56565656565657,1.5,0.939889511260912
32,1.61616161616162,1.5,0.906139107030119
33,1.66666666666667,1.5,0.959891082141756
34,1.71717171717172,1.5,0.985501227392954
35,1.76767676767677,1.5,0.9987096802554
36,1.81818181818182,1.5,0.991843644930746
37,1.86868686868687,1.5,0.984736691456732
38,1.91919191919192,1.5,0.955078278351055
39,1.96969696969697,1.5,0.984582886015602
40,2.02020202020202,1.5,0.967022333843367
41,2.07070707070707,1.5,0.965300544727121
42,2.12121212121212,1.5,1.0180443965781
43,2.17171717171717,1.5,1.02085581416417
44,2.22222222222222,1.5,0.962489205355936
45,2.27272727272727,1.5,0.994464670693812
46,2.32323232323232,1.5,1.02871573163747
47,2.37373737373737,1.5,0.979779820927588
48,2.42424242424242,1.5,1.01456458657712
49,2.47474747474747,1.5,0.962241765417496
50,2.52525252525253,1.5,0.987669679194858
51,2.57575757575758,1.5,1.0290862359163
52,2.62626262626263,1.5,1.00777300605163
53,2.67676767676768,1.5,0.99215395335035
54,2.72727272727273,1.5,1.01616559001245
55,2.77777777777778,1.5,1.00515862674482
56,2.82828282828283,1.5,0.972986504240956
57,2.87878787878788,1.5,0.973447457990435
58,2.92929292929293,1.5,0.956878393899894
59,2.97979797979798,1.5,1.02836200486278
60,3.03030303030303,1.5,0.990543406636744
61,3.08080808080808,1.5,1.02831054443918
62,3.13131313131313,1.5,0.988514022287939
63,3.18181818181818,1.5,1.00884703287967
64,3.23232323232323,1.5,0.983975320069777
65,3.28282828282828,1.5,0.958003299950467
66,3.33333333333333,1.5,0.983665971731025
67,3.38383838383838,1.5,1.00329560148712
68,3.43434343434343,1.5,1.00123582435256
69,3.48484848484848,1.5,0.953099256020674
70,3.53535353535354,1.5,0.997616732032467
71,3.58585858585859,1.5,0.976423329547962
72,3.63636363636364,1.5,1.01614947783299
73,3.68686868686869,1.5,0.983569165095108
74,3.73737373737374,1.5,0.986395153805933
75,3.78787878787879,1.5,0.990167544202175
76,3.83838383838384,1.5,0.980942351725379
77,3.88888888888889,1.5,1.01648874928805
78,3.93939393939394,1.5,1.00673301447375
79,3.98989898989899,1.5,1.02188940884918
80,4.04040404040404,1.5,0.995932361443848
81,4.09090909090909,1.5,0.958374379267755
82,4.14141414141414,1.5,1.00687844255924
83,4.19191919191919,1.5,0.962298897718493
84,4.24242424242424,1.5,1.02753165985872
85,4.29292929292929,1.5,1.01020584057853
86,4.34343434343434,1.5,1.00889665693424
87,4.39393939393939,1.5,1.02364177825018
88,4.44444444444444,1.5,0.99607260882413
89,4.49494949494949,1.5,0.989810929645703
90,4.54545454545454,1.5,0.986518971312355
91,4.5959595959596,1.5,0.968108570865025
92,4.64646464646465,1.5,1.01702172476763
93,4.6969696969697,1.5,0.995923955272006
94,4.74747474747475,1.5,0.996453941775528
95,4.7979797979798,1.5,0.998052848683048
96,4.84848484848485,1.5,0.963984772575611
97,4.8989898989899,1.5,0.951349842434818
98,4.94949494949495,1.5,0.954821451409499
99,5,1.5,0.962809809308645
